Название светильника,Стоимость,Ссылка
Торшер Алней Black,7990,https://www.divan.ru/product/torsher-alnej-black
Настольная лампа Гейза Orange,3990,https://www.divan.ru/product/nastolnaya-lampa-gejza-orange
Бра Флиммер Black,1690,https://www.divan.ru/product/bra-flimmer-black
Настольная лампа Гейза Pink,3990,https://www.divan.ru/product/nastolnaya-lampa-gejza-pink
Настольная лампа Арбет Orange,2390,https://www.divan.ru/product/nastolnaya-lampa-arbet-orange
Подвесной светильник Малинг Olive,5490,https://www.divan.ru/product/podvesnoj-svetilnik-maling-olive
Подвесной светильник Бабл-9,22590,https://www.divan.ru/product/podvesnoj-svetilnik-babl-9
Люстра Флиммер Black,7990,https://www.divan.ru/product/lyustra-flimmer-black
Настольная лампа Арбет Beige,2390,https://www.divan.ru/product/nastolnaya-lampa-arbet-beige
Подвесной светильник Флиммер Black,1890,https://www.divan.ru/product/podvesnoj-svetilnik-flimmer-black
Настольная лампа Алней Black,3990,https://www.divan.ru/product/nastolnaya-lampa-alnej-black
Настольная лампа Арбет Black,2390,https://www.divan.ru/product/nastolnaya-lampa-arbet-black
Торшер Алней Orange,7990,https://www.divan.ru/product/torsher-alnej-orange
Настольная лампа Флиммер Black,2990,https://www.divan.ru/product/nastolnaya-lampa-flimmer-black
Настольная лампа Истад White,1690,https://www.divan.ru/product/nastolnaya-lampa-istad-white
Настольная лампа Астри Black,1390,https://www.divan.ru/product/nastolnaya-lampa-astri-black
Настольная лампа Алней Green,3990,https://www.divan.ru/product/nastolnaya-lampa-alnej-green
Подвесной светильник Бабл-3,7590,https://www.divan.ru/product/podvesnoj-svetilnik-babl-3
Бра Бабл Black,3190,https://www.divan.ru/product/bra-babl-black
Настольная лампа Дэнди Black,5990,https://www.divan.ru/product/nastolnaya-lampa-dendi-black
Торшер Варио White,7590,https://www.divan.ru/product/torsher-vario-white
Бра Варио Black,1290,https://www.divan.ru/product/bra-vario-black
Подвесной светильник Кэндел White,2990,https://www.divan.ru/product/podvesnoj-svetilnik-kendel-white
Торшер Мун Black,8990,https://www.divan.ru/product/torsher-mun-black
Подвесной светильник Маро Green,7590,https://www.divan.ru/product/podvesnoj-svetilnik-maro-green
Настольная лампа Taeda,4990,https://www.divan.ru/product/nastolnaya-lampa-taeda
Бра Galdakao-1,6590,https://www.divan.ru/product/bra-galdakao
Торшер Билли White,19690,https://www.divan.ru/product/torsher-billi-white
Подвесной светильник Ори Gold,3090,https://www.divan.ru/product/podvesnoj-svetilnik-ori-gold
Бра Bolla-Unica,5290,https://www.divan.ru/product/bra-bolla-unica
Подвесной светильник Онтарио Olive,10490,https://www.divan.ru/product/podvesnoj-svetilnik-ontario-olive
Подвесной светильник Онтарио Brown,12390,https://www.divan.ru/product/podvesnoj-svetilnik-ontario-brown
Торшер Moderli Suspent,7790,https://www.divan.ru/product/torsher-moderli-suspent
Подвесной светильник Альта Black,4290,https://www.divan.ru/product/podvesnoj-svetilnik-alta-black
Подвесной светильник Narices-1,30290,https://www.divan.ru/product/podvesnoj-svetilnik-narices-1
Подвесной светильник Селф Gold,4390,https://www.divan.ru/product/podvesnoj-svetilnik-self-gold
Подвесной светильник Кая Black,2890,https://www.divan.ru/product/podvesnoj-svetilnik-kaya-black
Подвесной светильник Эйр White,6290,https://www.divan.ru/product/podvesnoj-svetilnik-ejr-white
Подвесной светильник Селф White,4090,https://www.divan.ru/product/podvesnoj-svetilnik-self-white
Подвесной светильник Moderli Lewes,14690,https://www.divan.ru/product/podvesnoj-svetilnik-moderli-lewes
